序号,优先级,风险标签,链接,网站标题,攻击面,建议操作,资产分组,资产标签,首次发现,最后存活,系统空间
1,P2-中危,"管理后台,护网行动,两高一弱",http://invoke.v3.speedpower.net.cn,Web API Help Page,ASP.NET Web API帮助页面未授权泄露所有API接口信息，可能包含敏感参数,访问页面收集API列表，尝试未授权调用关键接口,,,,,
2,P1-高危,"管理后台,护网行动,两高一弱",https://identity.orientalsky.speedpower.net.cn,Swagger UI,Swagger UI未授权访问，泄露API规范，可能调用敏感接口,访问Swagger UI页面，查看API文档，尝试执行API请求,,,,,
3,P1-高危,"管理后台,护网行动,两高一弱",https://group.orientalsky.speedpower.net.cn,Swagger UI,Swagger UI未授权访问，泄露API规范，可能调用敏感接口,访问Swagger UI页面，查看API文档，尝试执行API请求,,,,,
4,P2-中危,"管理后台,护网行动,两高一弱",http://orders.v3.speedpower.net.cn,Web API Help Page,ASP.NET Web API帮助页面未授权泄露所有API接口信息，可能包含敏感参数,访问页面收集API列表，尝试未授权调用关键接口,,,,,
5,P0-致命,"管理后台,护网行动,两高一弱",http://console.v3.speedpower.net.cn,速威科技 - 系统管理平台,管理后台存在弱口令/默认凭据风险，可能获取系统管理权限,尝试admin/admin、admin/123456等常见凭据登录，或爆破,,,,,
6,P2-中危,"管理后台,护网行动,两高一弱",http://agents.v3.speedpower.net.cn,Web API Help Page,ASP.NET Web API帮助页面未授权泄露所有API接口信息，可能包含敏感参数,访问页面收集API列表，尝试未授权调用关键接口,,,,,
7,P2-中危,"管理后台,护网行动,两高一弱",http://squery.v3.speedpower.net.cn,Web API Help Page,ASP.NET Web API帮助页面未授权泄露所有API接口信息，可能包含敏感参数,访问页面收集API列表，尝试未授权调用关键接口,,,,,
8,P1-高危,"管理后台,护网行动,两高一弱",http://agent.orientalsky.speedpower.net.cn,Swagger UI,Swagger UI未授权访问，泄露API规范，可能调用敏感接口,访问Swagger UI页面，查看API文档，尝试执行API请求,,,,,
9,P1-高危,"管理后台,护网行动,两高一弱",https://agent.orientalsky.speedpower.net.cn,Swagger UI,Swagger UI未授权访问，泄露API规范，可能调用敏感接口,访问Swagger UI页面，查看API文档，尝试执行API请求,,,,,
10,P0-致命,"管理后台,护网行动,两高一弱",http://agents.v2.speedpower.net.cn,速威科技 - 系统管理平台,管理后台存在弱口令/默认凭据风险，可能获取系统管理权限,尝试admin/admin、admin/123456等常见凭据登录，或爆破,,,,,
11,P2-中危,"管理后台,护网行动,两高一弱",http://logs.v3.speedpower.net.cn,Web API Help Page,ASP.NET Web API帮助页面未授权泄露所有API接口信息，可能包含敏感参数,访问页面收集API列表，尝试未授权调用关键接口,,,,,
12,P2-中危,"管理后台,护网行动,两高一弱",http://console.v3.speedpower.net.cn:880,Web API Help Page,非标准端口ASP.NET Web API帮助页面未授权泄露所有API接口信息,访问页面收集API列表，尝试未授权调用关键接口,,,,,
13,P2-中危,"管理后台,护网行动,两高一弱",http://agents.v3.speedpower.net.cn:880,Web API Help Page,非标准端口ASP.NET Web API帮助页面未授权泄露所有API接口信息,访问页面收集API列表，尝试未授权调用关键接口,,,,,
14,P2-中危,"管理后台,护网行动,两高一弱",http://orders.v3.speedpower.net.cn:880,Web API Help Page,非标准端口ASP.NET Web API帮助页面未授权泄露所有API接口信息,访问页面收集API列表，尝试未授权调用关键接口,,,,,
15,P3-低危,"管理后台,护网行动,两高一弱",http://eterm.sv4.speedpower.net.cn:11000,,未知Web服务暴露在非标准端口，返回空页面，可能是隐藏的管理后台、API网关或监控端点，存在未授权访问或信息泄露风险。,对http://eterm.sv4.speedpower.net.cn:11000进行路径爆破（字典包含/admin、/api、/config、/actuator等），尝试常见后台路径或Swagger文档。,,,,,
